<?xml version="1.0" encoding="UTF-8"?>
<!DOCTYPE mapper PUBLIC "-//mybatis.org//DTD Mapper 3.0//EN"
        "http://mybatis.org/dtd/mybatis-3-mapper.dtd">
<mapper namespace="com.mage.crm.dao.CustomerDevPlanDao">
    <resultMap id="BaseResultMap" type="com.mage.crm.vo.CustomerDevPlan">
        <id column="id" jdbcType="INTEGER" property="id" />
        <result column="sale_chance_id" jdbcType="INTEGER" property="saleChanceId" />
        <result column="plan_item" jdbcType="VARCHAR" property="planItem" />
        <result column="plan_date" jdbcType="TIMESTAMP" property="planDate" />
        <result column="exe_affect" jdbcType="VARCHAR" property="exeAffect" />
        <result column="is_valid" jdbcType="INTEGER" property="isValid" />
        <result column="create_date" jdbcType="TIMESTAMP" property="createDate" />
        <result column="update_date" jdbcType="TIMESTAMP" property="updateDate" />
    </resultMap>
    <sql id="Base_Column_List">
id, sale_chance_id, plan_item, plan_date, exe_affect, is_valid, create_date,
update_date
</sql>
    <select id="queryCusDevPlans" parameterType="cusDevPlanQuery"
            resultMap="BaseResultMap">
        select
        <include refid="Base_Column_List" />
        from t_cus_dev_plan
        where sale_chance_id = #{saleChanceId,jdbcType=INTEGER} and is_valid = 1
    </select>

    <insert id="insert" parameterType="com.mage.crm.vo.CustomerDevPlan">
        insert into t_cus_dev_plan (id, sale_chance_id, plan_item,
        plan_date, exe_affect, is_valid,
        create_date, update_date)
        values (#{id,jdbcType=INTEGER}, #{saleChanceId,jdbcType=INTEGER}, #{planItem,jdbcType=VARCHAR},
        #{planDate,jdbcType=TIMESTAMP}, #{exeAffect,jdbcType=VARCHAR}, #{isValid,jdbcType=INTEGER},
        #{createDate,jdbcType=TIMESTAMP}, #{updateDate,jdbcType=TIMESTAMP})
    </insert>

    <update id="update" parameterType="com.mage.crm.vo.CustomerDevPlan">
    update t_cus_dev_plan
    <set>
    <if test="saleChanceId != null">
        sale_chance_id = #{saleChanceId,jdbcType=INTEGER},
    </if>
    <if test="planItem != null">
    plan_item = #{planItem,jdbcType=VARCHAR},
    </if>
        <if test="planDate != null">
            plan_date = #{planDate,jdbcType=TIMESTAMP},
        </if>
        <if test="exeAffect != null">
            exe_affect = #{exeAffect,jdbcType=VARCHAR},
        </if>
        <if test="isValid != null">
            is_valid = #{isValid,jdbcType=INTEGER},
        </if>
        <if test="createDate != null">
            create_date = #{createDate,jdbcType=TIMESTAMP},
        </if>
        <if test="updateDate != null">
            update_date = #{updateDate,jdbcType=TIMESTAMP},
        </if>
    </set>
        where id = #{id,jdbcType=INTEGER}
    </update>


    <delete id="delete" parameterType="java.lang.Integer">
        update t_cus_dev_plan
        set is_valid = 0
        where id = #{id,jdbcType=INTEGER}
    </delete>

</mapper>