<?xml version="1.0" encoding="UTF-8"?>
<!DOCTYPE mapper
        PUBLIC "-//mybatis.org//DTD Mapper 3.0//EN"
        "http://mybatis.org/dtd/mybatis-3-mapper.dtd">
<mapper namespace="com.mage.crm.dao.UserDao">
    <sql id="user_columns">
        id , user_name as userName, user_pwd as userPwd,true_name as trueName,
        phone,email,is_valid as isValid,create_date as createDate,update_date as
        updateDate
    </sql>

    <select id="queryUserByName" parameterType="string" resultType="user">
        SELECT <include refid="user_columns"/>
        from t_user where user_name = #{userName}
    </select>

    <update id="updatePwd">
        UPDATE t_user SET user_pwd=#{userPwd}
        WHERE id=#{id}
    </update>

    <select id="queryUserById" parameterType="string" resultType="com.mage.crm.vo.User">
        select <include refid="user_columns"/>
        from t_user
        where id=#{id}
    </select>
</mapper>